driverId,driverRef,number,code,forename,surname,dob,nationality
1,hamilton,44,HAM,Lewis,Hamilton,07-01-85,British
2,heidfeld,,HEI,Nick,Heidfeld,10-05-77,German
3,rosberg,6,ROS,Nico,Rosberg,27-06-85,German
4,alonso,14,ALO,Fernando,Alonso,29-07-81,Spanish
5,kovalainen,,KOV,Heikki,Kovalainen,19-10-81,Finnish
6,nakajima,,NAK,Kazuki,Nakajima,11-01-85,Japanese
7,bourdais,,BOU,Sébastien,Bourdais,28-02-79,French
8,raikkonen,7,RAI,Kimi,Räikkönen,17-10-79,Finnish
9,kubica,88,KUB,Robert,Kubica,07-12-84,Polish
10,glock,,GLO,Timo,Glock,18-03-82,German
11,sato,,SAT,Takuma,Sato,28-01-77,Japanese
12,piquet_jr,,PIQ,Nelson,Piquet Jr.,25-07-85,Brazilian
13,massa,19,MAS,Felipe,Massa,25-04-81,Brazilian
14,coulthard,,COU,David,Coulthard,27-03-71,British
15,trulli,,TRU,Jarno,Trulli,13-07-74,Italian
16,sutil,99,SUT,Adrian,Sutil,11-01-83,German
17,webber,,WEB,Mark,Webber,27-08-76,Australian
18,button,22,BUT,Jenson,Button,19-01-80,British
19,davidson,,DAV,Anthony,Davidson,18-04-79,British
20,vettel,5,VET,Sebastian,Vettel,03-07-87,German
21,fisichella,,FIS,Giancarlo,Fisichella,14-01-73,Italian
22,barrichello,,BAR,Rubens,Barrichello,23-05-72,Brazilian
23,ralf_schumacher,,SCH,Ralf,Schumacher,30-06-75,German
24,liuzzi,,LIU,Vitantonio,Liuzzi,06-08-80,Italian
25,wurz,,WUR,Alexander,Wurz,15-02-74,Austrian
26,speed,,SPE,Scott,Speed,24-01-83,American
27,albers,,ALB,Christijan,Albers,16-04-79,Dutch
28,markus_winkelhock,,WIN,Markus,Winkelhock,13-06-80,German
29,yamamoto,,YAM,Sakon,Yamamoto,09-07-82,Japanese
30,michael_schumacher,,MSC,Michael,Schumacher,03-01-69,German
31,montoya,,MON,Juan,Pablo Montoya,20-09-75,Colombian
32,klien,,KLI,Christian,Klien,07-02-83,Austrian
33,monteiro,,TMO,Tiago,Monteiro,24-07-76,Portuguese
34,ide,,IDE,Yuji,Ide,21-01-75,Japanese
35,villeneuve,,VIL,Jacques,Villeneuve,09-04-71,Canadian
36,montagny,,FMO,Franck,Montagny,05-01-78,French
37,rosa,,DLR,Pedro,de la Rosa,24-02-71,Spanish
38,doornbos,,DOO,Robert,Doornbos,23-09-81,Dutch
39,karthikeyan,,KAR,Narain,Karthikeyan,14-01-77,Indian
40,friesacher,,FRI,Patrick,Friesacher,26-09-80,Austrian
41,zonta,,ZON,Ricardo,Zonta,23-03-76,Brazilian
42,pizzonia,,PIZ,Antônio,Pizzonia,11-09-80,Brazilian
43,matta,,,Cristiano,da Matta,19-09-73,Brazilian
44,panis,,,Olivier,Panis,02-09-66,French
45,pantano,,,Giorgio,Pantano,04-02-79,Italian
46,bruni,,,Gianmaria,Bruni,30-05-81,Italian
47,baumgartner,,,Zsolt,Baumgartner,01-01-81,Hungarian
48,gene,,,Marc,Gené,29-03-74,Spanish
49,frentzen,,,Heinz-Harald,Frentzen,18-05-67,German
50,verstappen,,,Jos,Verstappen,04-03-72,Dutch
51,wilson,,,Justin,Wilson,31-07-78,British
52,firman,,,Ralph,Firman,20-05-75,Irish
53,kiesa,,,Nicolas,Kiesa,03-03-78,Danish
54,burti,,,Luciano,Burti,05-03-75,Brazilian
55,alesi,,,Jean,Alesi,11-06-64,French
56,irvine,,,Eddie,Irvine,10-11-65,British
57,hakkinen,,,Mika,Häkkinen,28-09-68,Finnish
58,marques,,,Tarso,Marques,19-01-76,Brazilian
59,bernoldi,,,Enrique,Bernoldi,19-10-78,Brazilian
60,mazzacane,,,Gastón,Mazzacane,08-05-75,Argentine
61,enge,,,Tomáš,Enge,11-09-76,Czech
62,yoong,,,Alex,Yoong,20-07-76,Malaysian
63,salo,,,Mika,Salo,30-11-66,Finnish
64,diniz,,,Pedro,Diniz,22-05-70,Brazilian
65,herbert,,,Johnny,Herbert,25-06-64,British
66,mcnish,,,Allan,McNish,29-12-69,British
67,buemi,,BUE,Sébastien,Buemi,31-10-88,Swiss
68,takagi,,,Toranosuke,Takagi,12-02-74,Japanese
69,badoer,,BAD,Luca,Badoer,25-01-71,Italian
70,zanardi,,,Alessandro,Zanardi,23-10-66,Italian
71,damon_hill,,,Damon,Hill,17-09-60,British
72,sarrazin,,,Stéphane,Sarrazin,02-11-75,French
73,rosset,,,Ricardo,Rosset,27-07-68,Brazilian
74,tuero,,,Esteban,Tuero,22-04-78,Argentine
75,nakano,,,Shinji,Nakano,01-04-71,Japanese
76,magnussen,,MAG,Jan,Magnussen,04-07-73,Danish
77,berger,,,Gerhard,Berger,27-08-59,Austrian
78,larini,,,Nicola,Larini,19-03-64,Italian
79,katayama,,,Ukyo,Katayama,29-05-63,Japanese
80,sospiri,,,Vincenzo,Sospiri,07-10-66,Italian
81,morbidelli,,,Gianni,Morbidelli,13-01-68,Italian
82,fontana,,,Norberto,Fontana,20-01-75,Argentine
83,lamy,,,Pedro,Lamy,20-03-72,Portuguese
84,brundle,,,Martin,Brundle,01-06-59,British
85,montermini,,,Andrea,Montermini,30-05-64,Italian
86,lavaggi,,,Giovanni,Lavaggi,18-02-58,Italian
87,blundell,,,Mark,Blundell,08-04-66,British
88,suzuki,,,Aguri,Suzuki,08-09-60,Japanese
89,inoue,,,Taki,Inoue,05-09-63,Japanese
90,moreno,,,Roberto,Moreno,11-02-59,Brazilian
91,wendlinger,,,Karl,Wendlinger,20-12-68,Austrian
92,gachot,,,Bertrand,Gachot,23-12-62,Belgian
93,schiattarella,,,Domenico,Schiattarella,17-11-67,Italian
94,martini,,,Pierluigi,Martini,23-04-61,Italian
95,mansell,,,Nigel,Mansell,08-08-53,British
96,boullion,,,Jean-Christophe,Boullion,27-12-69,French
97,papis,,,Massimiliano,Papis,03-10-69,Italian
98,deletraz,,,Jean-Denis,Délétraz,01-10-63,Swiss
99,tarquini,,,Gabriele,Tarquini,02-03-62,Italian
100,comas,,,Érik,Comas,28-09-63,French
101,brabham,,,David,Brabham,05-09-65,Australian
102,senna,,,Ayrton,Senna,21-03-60,Brazilian
103,bernard,,,Éric,Bernard,24-08-64,French
104,fittipaldi,,,Christian,Fittipaldi,18-01-71,Brazilian
105,alboreto,,,Michele,Alboreto,23-12-56,Italian
106,beretta,,,Olivier,Beretta,23-11-69,Monegasque
107,ratzenberger,,,Roland,Ratzenberger,04-07-60,Austrian
108,belmondo,,,Paul,Belmondo,23-04-63,French
109,lehto,,,Jyrki,Järvilehto,31-01-66,Finnish
110,cesaris,,,Andrea,de Cesaris,31-05-59,Italian
111,gounon,,,Jean-Marc,Gounon,01-01-63,French
112,alliot,,,Philippe,Alliot,27-07-54,French
113,adams,,,Philippe,Adams,19-11-69,Belgian
114,dalmas,,,Yannick,Dalmas,28-07-61,French
115,noda,,,Hideki,Noda,07-03-69,Japanese
116,lagorce,,,Franck,Lagorce,01-09-68,French
117,prost,,,Alain,Prost,24-02-55,French
118,warwick,,,Derek,Warwick,27-08-54,British
119,patrese,,,Riccardo,Patrese,17-04-54,Italian
120,barbazza,,,Fabrizio,Barbazza,02-04-63,Italian
121,andretti,,,Michael,Andretti,05-10-62,American
122,capelli,,,Ivan,Capelli,24-05-63,Italian
123,boutsen,,,Thierry,Boutsen,13-07-57,Belgian
124,apicella,,,Marco,Apicella,07-10-65,Italian
125,naspetti,,,Emanuele,Naspetti,24-02-68,Italian
126,toshio_suzuki,,,Toshio,Suzuki,10-03-55,Japanese
127,gugelmin,,,Maurício,Gugelmin,20-04-63,Brazilian
128,poele,,,Eric,van de Poele,30-09-61,Belgian
129,grouillard,,,Olivier,Grouillard,02-09-58,French
130,chiesa,,,Andrea,Chiesa,06-05-64,Swiss
131,modena,,,Stefano,Modena,12-05-63,Italian
132,amati,,,Giovanna,Amati,20-07-59,Italian
133,caffi,,,Alex,Caffi,18-03-64,Italian
134,bertaggia,,,Enrico,Bertaggia,19-09-64,Italian
135,mccarthy,,,Perry,McCarthy,03-03-61,British
136,lammers,,,Jan,Lammers,02-06-56,Dutch
137,piquet,,,Nelson,Piquet,17-08-52,Brazilian
138,satoru_nakajima,,,Satoru,Nakajima,23-02-53,Japanese
139,pirro,,,Emanuele,Pirro,12-01-62,Italian
140,johansson,,,Stefan,Johansson,08-09-56,Swedish
141,bailey,,,Julian,Bailey,09-10-61,British
142,chaves,,,Pedro,Chaves,27-02-65,Portuguese
143,bartels,,,Michael,Bartels,08-03-68,German
144,hattori,,,Naoki,Hattori,13-06-66,Japanese
145,nannini,,,Alessandro,Nannini,07-07-59,Italian
146,schneider,,,Bernd,Schneider,20-07-64,German
147,barilla,,,Paolo,Barilla,20-04-61,Italian
148,foitek,,,Gregor,Foitek,27-03-65,Swiss
149,langes,,,Claudio,Langes,20-07-60,Italian
150,gary_brabham,,,Gary,Brabham,29-03-61,Australian
151,donnelly,,,Martin,Donnelly,26-03-64,British
152,giacomelli,,,Bruno,Giacomelli,10-09-52,Italian
153,alguersuari,,ALG,Jaime,Alguersuari,23-03-90,Spanish
154,grosjean,8,GRO,Romain,Grosjean,17-04-86,French
155,kobayashi,10,KOB,Kamui,Kobayashi,13-09-86,Japanese
156,palmer,,,Jonathan,Palmer,07-11-56,British
157,danner,,,Christian,Danner,04-04-58,German
158,cheever,,,Eddie,Cheever,10-01-58,American
159,sala,,,Luis,Pérez-Sala,15-05-59,Spanish
160,ghinzani,,,Piercarlo,Ghinzani,16-01-52,Italian
161,weidler,,,Volker,Weidler,18-03-62,German
162,raphanel,,,Pierre-Henri,Raphanel,27-05-61,French
163,arnoux,,,René,Arnoux,04-07-48,French
164,joachim_winkelhock,,,Joachim,Winkelhock,24-10-60,German
165,larrauri,,,Oscar,Larrauri,19-08-54,Argentine
166,streiff,,,Philippe,Streiff,26-06-55,French
167,campos,,,Adrián,Campos,17-06-60,Spanish
168,schlesser,,,Jean-Louis,Schlesser,12-09-48,French
169,fabre,,,Pascal,Fabre,09-01-60,French
170,fabi,,,Teo,Fabi,09-03-55,Italian
171,forini,,,Franco,Forini,22-09-58,Swiss
172,laffite,,,Jacques,Laffite,21-11-43,French
173,angelis,,,Elio,de Angelis,26-03-58,Italian
174,dumfries,,,Johnny,Dumfries,26-04-58,British
175,tambay,,,Patrick,Tambay,25-06-49,French
176,surer,,,Marc,Surer,18-09-51,Swiss
177,keke_rosberg,,,Keke,Rosberg,06-12-48,Finnish
178,jones,,,Alan,Jones,02-11-46,Australian
179,rothengatter,,,Huub,Rothengatter,08-10-54,Dutch
180,berg,,,Allen,Berg,01-08-61,Canadian
181,manfred_winkelhock,,,Manfred,Winkelhock,06-10-51,German
182,lauda,,,Niki,Lauda,22-02-49,Austrian
183,hesnault,,,François,Hesnault,30-12-56,French
184,baldi,,,Mauro,Baldi,31-01-54,Italian
185,bellof,,,Stefan,Bellof,20-11-57,German
186,acheson,,,Kenny,Acheson,27-11-57,British
187,watson,,,John,Watson,04-05-46,British
188,cecotto,,,Johnny,Cecotto,25-01-56,Venezuelan
189,gartner,,,Jo,Gartner,24-01-54,Austrian
190,corrado_fabi,,,Corrado,Fabi,12-04-61,Italian
191,thackwell,,,Mike,Thackwell,30-03-61,New Zealander
192,serra,,,Chico,Serra,03-02-57,Brazilian
193,sullivan,,,Danny,Sullivan,09-03-50,American
194,salazar,,,Eliseo,Salazar,14-11-54,Chilean
195,guerrero,,,Roberto,Guerrero,16-11-58,Colombian
196,boesel,,,Raul,Boesel,04-12-57,Brazilian
197,jarier,,,Jean-Pierre,Jarier,10-07-46,French
198,villeneuve_sr,,,Jacques,Villeneuve Sr.,04-11-53,Canadian
199,reutemann,,,Carlos,Reutemann,12-04-42,Argentine
200,mass,,,Jochen,Mass,30-09-46,German
201,borgudd,,,Slim,Borgudd,25-11-46,Swedish
202,pironi,,,Didier,Pironi,26-03-52,French
203,gilles_villeneuve,,,Gilles,Villeneuve,18-01-50,Canadian
204,paletti,,,Riccardo,Paletti,15-06-58,Italian
205,henton,,,Brian,Henton,19-09-46,British
206,daly,,,Derek,Daly,11-03-53,Irish
207,mario_andretti,,,Mario,Andretti,28-02-40,American
208,villota,,,Emilio,de Villota,26-07-46,Spanish
209,lees,,,Geoff,Lees,01-05-51,British
210,byrne,,,Tommy,Byrne,06-05-58,Irish
211,keegan,,,Rupert,Keegan,26-02-55,British
212,rebaque,,,Hector,Rebaque,05-02-56,Mexican
213,gabbiani,,,Beppe,Gabbiani,02-01-57,Italian
214,cogan,,,Kevin,Cogan,31-03-56,American
215,guerra,,,Miguel Ángel,Guerra,31-08-53,Argentine
216,stohr,,,Siegfried,Stohr,10-10-52,Italian
217,zunino,,,Ricardo,Zunino,13-04-49,Argentine
218,londono,,,Ricardo,Londoño,08-08-49,Colombian
219,jabouille,,,Jean-Pierre,Jabouille,01-10-42,French
220,francia,,,Giorgio,Francia,08-11-47,Italian
221,depailler,,,Patrick,Depailler,09-08-44,French
222,scheckter,,,Jody,Scheckter,29-01-50,South African
223,regazzoni,,,Clay,Regazzoni,05-09-39,Swiss
224,emerson_fittipaldi,,,Emerson,Fittipaldi,12-12-46,Brazilian
225,kennedy,,,Dave,Kennedy,15-01-53,Irish
226,south,,,Stephen,South,19-02-52,British
227,needell,,,Tiff,Needell,29-10-51,British
228,desire_wilson,,,Desiré,Wilson,26-11-53,South African
229,ertl,,,Harald,Ertl,31-08-48,Austrian
230,brambilla,,,Vittorio,Brambilla,11-11-37,Italian
231,hunt,,,James,Hunt,29-08-47,British
232,merzario,,,Arturo,Merzario,11-03-43,Italian
233,stuck,,,Hans-Joachim,Stuck,01-01-51,German
234,brancatelli,,,Gianfranco,Brancatelli,18-01-50,Italian
235,ickx,,,Jacky,Ickx,01-01-45,Belgian
236,gaillard,,,Patrick,Gaillard,12-02-52,French
237,ribeiro,,,Alex,Ribeiro,07-11-48,Brazilian
238,peterson,,,Ronnie,Peterson,14-02-44,Swedish
239,lunger,,,Brett,Lunger,14-11-45,American
240,ongais,,,Danny,Ongais,21-05-42,American
241,leoni,,,Lamberto,Leoni,24-05-53,Italian
242,galica,,,Divina,Galica,13-08-44,British
243,stommelen,,,Rolf,Stommelen,11-07-43,German
244,colombo,,,Alberto,Colombo,23-02-46,Italian
245,trimmer,,,Tony,Trimmer,24-01-43,British
246,binder,,,Hans,Binder,12-06-48,Austrian
247,bleekemolen,,,Michael,Bleekemolen,02-10-49,Dutch
248,gimax,,,Carlo,Franchi,01-01-38,Italian
249,rahal,,,Bobby,Rahal,10-01-53,American
250,pace,,,Carlos,Pace,06-10-44,Brazilian
251,ian_scheckter,,,Ian,Scheckter,22-08-47,South African
252,pryce,,,Tom,Pryce,11-06-49,British
253,hoffmann,,,Ingo,Hoffmann,28-02-53,Brazilian
254,zorzi,,,Renzo,Zorzi,12-12-46,Italian
255,nilsson,,,Gunnar,Nilsson,20-11-48,Swedish
256,perkins,,,Larry,Perkins,18-03-50,Australian
257,hayje,,,Boy,Lunger,03-05-49,Dutch
258,neve,,,Patrick,Nève,13-10-49,Belgian
259,purley,,,David,Purley,26-01-45,British
260,andersson,,,Conny,Andersson,28-12-39,Swedish
261,dryver,,,Bernard,de Dryver,19-09-52,Belgian
262,oliver,,,Jackie,Oliver,14-08-42,British
263,kozarowitzky,,,Mikko,Kozarowitzky,17-05-48,Finnish
264,sutcliffe,,,Andy,Sutcliffe,09-05-47,British
265,edwards,,,Guy,Edwards,30-12-42,British
266,mcguire,,,Brian,McGuire,13-12-45,Australian
267,schuppan,,,Vern,Schuppan,19-03-43,Australian
268,heyer,,,Hans,Heyer,16-03-43,German
269,pilette,,,Teddy,Pilette,26-07-42,Belgian
270,ashley,,,Ian,Ashley,26-10-47,British
271,kessel,,,Loris,Kessel,01-04-50,Swiss
272,takahashi,,,Kunimitsu,Takahashi,29-01-40,Japanese
273,hoshino,,,Kazuyoshi,Hoshino,01-07-47,Japanese
274,takahara,,,Noritake,Takahara,06-06-51,Japanese
275,lombardi,,,Lella,Lombardi,26-03-41,Italian
276,evans,,,Bob,Evans,11-06-47,British
277,leclere,,,Michel,Leclère,18-03-46,French
278,amon,,,Chris,Amon,20-07-43,New Zealander
279,zapico,,,Emilio,Zapico,27-05-44,Spanish
280,pescarolo,,,Henri,Pescarolo,25-09-42,French
281,nelleman,,,Jac,Nelleman,19-04-44,Danish
282,magee,,,Damien,Magee,17-11-45,British
283,wilds,,,Mike,Wilds,07-01-46,British
284,pesenti_rossi,,,Alessandro,Pesenti-Rossi,31-08-42,Italian
285,stuppacher,,,Otto,Stuppacher,03-03-47,Austrian
286,brown,,,Warwick,Brown,24-12-49,Australian
287,hasemi,,,Masahiro,Hasemi,13-11-45,Japanese
288,donohue,,,Mark,Donohue,18-03-37,American
289,hill,,,Graham,Hill,15-02-29,British
290,wilson_fittipaldi,,,Wilson,Fittipaldi,25-12-43,Brazilian
291,tunmer,,,Guy,Tunmer,01-12-48,South African
292,keizan,,,Eddie,Keizan,12-09-44,South African
293,charlton,,,Dave,Charlton,27-10-36,South African
294,brise,,,Tony,Brise,28-03-52,British
295,wunderink,,,Roelof,Wunderink,12-12-48,Dutch
296,migault,,,François,Migault,04-12-44,French
297,palm,,,Torsten,Palm,23-07-47,Swedish
298,lennep,,,Gijs,van Lennep,16-03-42,Dutch
299,fushida,,,Hiroshi,Fushida,10-03-46,Japanese
300,nicholson,,,John,Nicholson,06-10-41,New Zealander
301,morgan,,,Dave,Morgan,07-08-44,British
302,crawford,,,Jim,Crawford,13-02-48,British
303,vonlanthen,,,Jo,Vonlanthen,31-05-42,Swiss
304,hulme,,,Denny,Hulme,18-06-36,New Zealander
305,hailwood,,,Mike,Hailwood,02-04-40,British
306,beltoise,,,Jean-Pierre,Beltoise,26-04-37,French
307,ganley,,,Howden,Ganley,24-12-41,New Zealander
308,robarts,,,Richard,Robarts,22-09-44,British
309,revson,,,Peter,Revson,27-02-39,American
310,driver,,,Paddy,Driver,13-05-34,South African
311,belso,,,Tom,Belsø,27-08-42,Danish
312,redman,,,Brian,Redman,09-03-37,British
313,opel,,,Rikky,von Opel,14-10-47,Liechtensteiner
314,schenken,,,Tim,Schenken,26-09-43,Australian
315,larrousse,,,Gérard,Larrousse,23-05-40,French
316,kinnunen,,,Leo,Kinnunen,05-08-43,Finnish
317,wisell,,,Reine,Wisell,30-09-41,Swedish
318,roos,,,Bertil,Roos,12-10-43,Swedish
319,dolhem,,,José,Dolhem,26-04-44,French
320,gethin,,,Peter,Gethin,21-02-40,British
321,bell,,,Derek,Bell,31-10-41,British
322,hobbs,,,David,Hobbs,09-06-39,British
323,quester,,,Dieter,Quester,30-05-39,Austrian
324,koinigg,,,Helmuth,Koinigg,03-11-48,Austrian
325,facetti,,,Carlo,Facetti,26-06-35,Italian
326,wietzes,,,Eppie,Wietzes,28-05-38,Canadian
327,cevert,,,François,Cevert,25-02-44,French
328,stewart,,,Jackie,Stewart,11-06-39,British
329,beuttler,,,Mike,Beuttler,13-04-40,British
330,galli,,,Nanni,Galli,02-10-40,Italian
331,bueno,,,Luiz,Bueno,16-01-37,Brazilian
332,follmer,,,George,Follmer,27-01-34,American
333,adamich,,,Andrea,de Adamich,03-10-41,Italian
334,pretorius,,,Jackie,Pretorius,22-11-34,South African
335,williamson,,,Roger,Williamson,02-02-48,British
336,mcrae,,,Graham,McRae,05-03-40,New Zealander
337,marko,,,Helmut,Marko,27-04-43,Austrian
338,walker,,,David,Walker,10-06-41,Australian
339,roig,,,Alex,Soler-Roig,29-10-32,Spanish
340,love,,,John,Love,07-12-24,Rhodesian
341,surtees,,,John,Surtees,11-02-34,British
342,barber,,,Skip,Barber,16-11-36,American
343,brack,,,Bill,Brack,26-12-35,Canadian
344,posey,,,Sam,Posey,26-05-44,American
345,rodriguez,,,Pedro,Rodríguez,18-01-40,Mexican
346,siffert,,,Jo,Siffert,07-07-36,Swiss
347,bonnier,,,Jo,Bonnier,31-01-30,Swedish
348,mazet,,,François,Mazet,24-02-43,French
349,jean,,,Max,Jean,27-07-43,French
350,elford,,,Vic,Elford,10-06-35,British
351,moser,,,Silvio,Moser,24-04-41,Swiss
352,eaton,,,George,Eaton,12-11-45,Canadian
353,lovely,,,Pete,Lovely,11-04-26,American
354,craft,,,Chris,Craft,17-11-39,British
355,Cannoc,,,John,Cannon,21-06-33,Canadian
356,jack_brabham,,,Jack,Brabham,02-04-26,Australian
357,miles,,,John,Miles,14-06-43,British
358,rindt,,,Jochen,Rindt,18-04-42,Austrian
359,gavin,,,Johnny,Servoz-Gavin,18-01-42,French
360,mclaren,,,Bruce,McLaren,30-08-37,New Zealander
361,courage,,,Piers,Courage,27-05-42,British
362,klerk,,,Peter,de Klerk,16-03-35,South African
363,giunti,,,Ignazio,Giunti,30-08-41,Italian
364,gurney,,,Dan,Gurney,13-04-31,American
365,hahne,,,Hubert,Hahne,28-03-35,German
366,hutchison,,,Gus,Hutchison,26-04-37,American
367,westbury,,,Peter,Westbury,26-05-38,British
368,tingle,,,Sam,Tingle,24-08-21,Rhodesian
369,rooyen,,,Basil,van Rooyen,19-04-39,South African
370,attwood,,,Richard,Attwood,04-04-40,British
371,pease,,,Al,Pease,15-10-21,Canadian
372,cordts,,,John,Cordts,23-07-35,Canadian
373,clark,,,Jim,Clark,04-03-36,British
374,spence,,,Mike,Spence,30-12-36,British
375,scarfiotti,,,Ludovico,Scarfiotti,18-10-33,Italian
376,bianchi,,BIA,Lucien,Bianchi,10-11-34,Belgian
377,jo_schlesser,,,Jo,Schlesser,18-05-28,French
378,widdows,,,Robin,Widdows,27-05-42,British
379,ahrens,,,Kurt,Ahrens,19-04-40,German
380,gardner,,,Frank,Gardner,01-10-30,Australian
381,unser,,,Bobby,Unser,20-02-34,American
382,solana,,,Moisés,Solana,26-12-35,Mexican
383,anderson,,,Bob,Anderson,19-05-31,British
384,botha,,,Luki,Botha,16-01-30,South African
385,bandini,,,Lorenzo,Bandini,21-12-35,Italian
386,ginther,,,Richie,Ginther,05-08-30,American
387,parkes,,,Mike,Parkes,24-09-31,British
388,irwin,,,Chris,Irwin,27-06-42,British
389,ligier,,,Guy,Ligier,12-07-30,French
390,rees,,,Alan,Rees,12-01-38,British
391,hart,,,Brian,Hart,07-09-36,British
392,fisher,,,Mike,Fisher,13-03-43,American
393,tom_jones,,,Tom,Jones,26-04-43,American
394,baghetti,,,Giancarlo,Baghetti,25-12-34,Italian
395,williams,,,Jonathan,Williams,26-10-42,British
396,bondurant,,,Bob,Bondurant,27-04-33,American
397,arundell,,,Peter,Arundell,08-11-33,British
398,vic_wilson,,,Vic,Wilson,14-04-31,British
399,taylor,,,John,Taylor,23-03-33,British
400,lawrence,,,Chris,Lawrence,27-07-33,British
401,trevor_taylor,,,Trevor,Taylor,26-12-36,British
402,geki,,,Giacomo,Russo,23-10-37,Italian
403,phil_hill,,,Phil,Hill,20-04-27,American
404,ireland,,,Innes,Ireland,12-06-30,British
405,bucknum,,,Ronnie,Bucknum,05-04-36,American
406,hawkins,,,Paul,Hawkins,12-10-37,Australian
407,prophet,,,David,Prophet,09-10-37,British
408,maggs,,,Tony,Maggs,09-02-37,South African
409,blokdyk,,,Trevor,Blokdyk,30-11-35,South African
410,lederle,,,Neville,Lederle,25-09-38,South African
411,serrurier,,,Doug,Serrurier,09-12-20,South African
412,niemann,,,Brausch,Niemann,07-01-39,South African
413,pieterse,,,Ernie,Pieterse,04-07-38,South African
414,puzey,,,Clive,Puzey,11-07-41,Rhodesian
415,reed,,,Ray,Reed,30-04-32,South African
416,clapham,,,David,Clapham,18-05-31,South African
417,blignaut,,,Alex,Blignaut,30-11-32,South African
418,gregory,,,Masten,Gregory,29-02-32,American
419,rhodes,,,John,Rhodes,18-08-27,British
420,raby,,,Ian,Raby,22-09-21,British
421,rollinson,,,Alan,Rollinson,15-05-43,British
422,gubby,,,Brian,Gubby,17-04-34,British
423,mitter,,,Gerhard,Mitter,30-08-35,German
424,bussinello,,,Roberto,Bussinello,04-10-27,Italian
425,vaccarella,,,Nino,Vaccarella,04-03-33,Italian
426,bassi,,,Giorgio,Bassi,20-01-34,Italian
427,trintignant,,,Maurice,Trintignant,30-10-17,French
428,collomb,,,Bernard,Collomb,07-10-30,French
429,andre_pilette,,,André,Pilette,06-10-18,Belgian
430,beaufort,,,Carel Godin,de Beaufort,10-04-34,Dutch
431,barth,,,Edgar,Barth,26-01-17,German
432,cabral,,,Mário de Araújo,Cabral,15-01-34,Portuguese
433,hansgen,,,Walt,Hansgen,28-10-19,American
434,sharp,,,Hap,Sharp,01-01-28,American
435,mairesse,,,Willy,Mairesse,01-10-28,Belgian
436,campbell-jones,,,John,Campbell-Jones,21-01-30,British
437,burgess,,,Ian,Burgess,06-07-30,British
438,settember,,,Tony,Settember,10-07-26,American
439,estefano,,,Nasif,Estéfano,18-11-32,Argentine
440,hall,,,Jim,Hall,23-07-35,American
441,parnell,,,Tim,Parnell,25-06-32,British
442,kuhnke,,,Kurt,Kuhnke,30-04-10,German
443,ernesto_brambilla,,,Ernesto,Brambilla,31-01-34,Italian
444,lippi,,,Roberto,Lippi,17-10-26,Italian
445,seiffert,,,Günther,Seiffert,18-10-37,German
446,abate,,,Carlo,Abate,10-07-32,Italian
447,starrabba,,,Gaetano,Starrabba,03-12-32,Italian
448,broeker,,,Peter,Broeker,15-05-26,Canadian
449,ward,,,Rodger,Ward,10-01-21,American
450,vos,,,Ernie,de Vos,01-07-41,Dutch
451,dochnal,,,Frank,Dochnal,08-10-20,American
452,monarch,,,Thomas,Monarch,03-09-45,American
842,gasly,10,GAS,Pierre,Gasly,07-02-96,French
453,lewis,,,Jackie,Lewis,01-11-36,British
454,ricardo_rodriguez,,,Ricardo,Rodríguez,14-02-42,Mexican
455,seidel,,,Wolfgang,Seidel,04-07-26,German
456,salvadori,,,Roy,Salvadori,12-05-22,British
457,pon,,,Ben,Pon,09-12-36,Dutch
458,slotemaker,,,Rob,Slotemaker,13-06-29,Dutch
459,marsh,,,Tony,Marsh,20-07-31,British
460,ashmore,,,Gerry,Ashmore,25-07-36,British
461,schiller,,,Heinz,Schiller,25-01-30,Swiss
462,davis,,,Colin,Davis,29-07-33,British
463,chamberlain,,,Jay,Chamberlain,29-12-25,American
464,shelly,,,Tony,Shelly,02-02-37,New Zealander
465,greene,,,Keith,Greene,05-01-38,British
466,walter,,,Heini,Walter,28-07-27,Swiss
467,prinoth,,,Ernesto,Prinoth,15-04-23,Italian
468,penske,,,Roger,Penske,20-02-37,American
469,schroeder,,,Rob,Schroeder,11-05-26,British
470,mayer,,,Timmy,Mayer,22-02-38,American
471,johnstone,,,Bruce,Johnstone,30-01-37,South African
472,harris,,,Mike,Harris,25-05-39,South African
473,hocking,,,Gary,Hocking,30-09-37,Rhodesian
474,vyver,,,Syd,van der Vyver,01-06-20,South African
475,moss,,,Stirling,Moss,17-09-29,British
476,trips,,,Wolfgang,von Trips,04-05-28,German
477,allison,,,Cliff,Allison,08-02-32,British
478,herrmann,,,Hans,Herrmann,23-02-28,German
479,brooks,,,Tony,Brooks,25-02-32,British
480,may,,,Michael,May,18-08-34,Swiss
481,henry_taylor,,,Henry,Taylor,16-12-32,British
482,gendebien,,,Olivier,Gendebien,12-01-24,Belgian
483,scarlatti,,,Giorgio,Scarlatti,02-10-21,Italian
484,naylor,,,Brian,Naylor,24-03-23,British
485,bordeu,,,Juan Manuel,Bordeu,28-01-34,Argentine
486,fairman,,,Jack,Fairman,15-03-13,British
487,natili,,,Massimo,Natili,28-07-35,Italian
488,monteverdi,,,Peter,Monteverdi,07-06-34,Swiss
489,pirocchi,,,Renato,Pirocchi,26-03-33,Italian
490,duke,,,Geoff,Duke,29-03-23,British
491,thiele,,,Alfonso,Thiele,05-04-20,American-Italian
492,boffa,,,Menato,Boffa,04-01-30,Italian
493,ryan,,,Peter,Ryan,10-06-40,Canadian
494,ruby,,,Lloyd,Ruby,12-01-28,American
495,ken_miles,,,Ken,Miles,01-11-18,British
496,menditeguy,,,Carlos,Menditeguy,10-08-14,Argentine
497,larreta,,,Alberto Rodriguez,Larreta,14-01-34,Argentine
498,gonzalez,,,José Froilán,González,05-10-22,Argentine
499,bonomi,,,Roberto,Bonomi,30-09-19,Argentine
500,munaron,,,Gino,Munaron,02-04-28,Italian
501,schell,,,Harry,Schell,29-06-21,American
502,stacey,,,Alan,Stacey,29-08-33,British
503,chimeri,,,Ettore,Chimeri,04-06-21,Venezuelan
504,creus,,,Antonio,Creus,28-10-24,Spanish
505,bristow,,,Chris,Bristow,02-12-37,British
506,halford,,,Bruce,Halford,18-05-31,British
507,daigh,,,Chuck,Daigh,29-11-23,American
508,reventlow,,,Lance,Reventlow,24-02-36,American
509,rathmann,,,Jim,Rathmann,16-07-28,American
510,goldsmith,,,Paul,Goldsmith,02-10-25,American
511,branson,,,Don,Branson,02-06-20,American
512,thomson,,,Johnny,Thomson,09-04-22,American
513,johnson,,,Eddie,Johnson,10-02-19,American
514,veith,,,Bob,Veith,01-11-26,American
515,tingelstad,,,Bud,Tingelstad,04-04-28,American
516,christie,,,Bob,Christie,04-04-24,American
517,amick,,,Red,Amick,19-01-29,American
518,darter,,,Duane,Carter,05-05-13,American
519,homeier,,,Bill,Homeier,31-08-18,American
520,hartley,,,Gene,Hartley,28-01-26,American
521,stevenson,,,Chuck,Stevenson,15-10-19,American
522,grim,,,Bobby,Grim,04-09-24,American
523,templeman,,,Shorty,Templeman,12-08-19,American
524,hurtubise,,,Jim,Hurtubise,05-12-32,American
525,bryan,,,Jimmy,Bryan,28-01-26,American
526,ruttman,,,Troy,Ruttman,11-03-30,American
527,sachs,,,Eddie,Sachs,28-05-27,American
528,freeland,,,Don,Freeland,25-03-25,American
529,bettenhausen,,,Tony,Bettenhausen,12-09-16,American
530,weiler,,,Wayne,Weiler,09-12-34,American
531,foyt,,,Anthony,Foyt,16-01-35,American
532,russo,,,Eddie,Russo,19-11-25,American
533,boyd,,,Johnny,Boyd,19-08-26,American
534,force,,,Gene,Force,15-06-16,American
535,mcwithey,,,Jim,McWithey,04-07-27,American
536,sutton,,,Len,Sutton,09-08-25,American
537,dick_rathmann,,,Dick,Rathmann,06-01-24,American
538,herman,,,Al,Herman,15-03-27,American
539,dempsey_wilson,,,Dempsey,Wilson,11-03-27,American
540,mike_taylor,,,Mike,Taylor,24-04-34,British
541,flockhart,,,Ron,Flockhart,16-06-23,British
542,piper,,,David,Piper,02-12-30,British
543,cabianca,,,Giulio,Cabianca,19-02-23,Italian
544,drogo,,,Piero,Drogo,08-08-26,Italian
545,gamble,,,Fred,Gamble,17-03-32,American
546,owen,,,Arthur,Owen,23-03-15,British
547,gould,,,Horace,Gould,20-09-18,British
548,drake,,,Bob,Drake,14-12-19,American
549,bueb,,,Ivor,Bueb,06-06-23,British
550,Changy,,,Alain,de Changy,05-02-22,Belgian
551,filippis,,,Maria,de Filippis,11-11-26,Italian
552,lucienbonnet,,,Jean,Lucienbonnet,07-01-23,French
553,testut,,,André,Testut,13-04-26,Monegasque
554,behra,,,Jean,Behra,16-02-21,French
555,paul_russo,,,Paul,Russo,10-04-14,American
556,daywalt,,,Jimmy,Daywalt,28-08-24,American
557,arnold,,,Chuck,Arnold,30-05-26,American
558,keller,,,Al,Keller,11-04-20,American
559,flaherty,,,Pat,Flaherty,06-01-26,American
560,cheesbourg,,,Bill,Cheesbourg,12-06-27,American
561,ray_crawford,,,Ray,Crawford,26-10-15,American
562,turner,,,Jack,Turner,12-02-20,American
563,weyant,,,Chuck,Weyant,03-04-23,American
564,larson,,,Jud,Larson,21-01-23,American
565,magill,,,Mike,Magill,08-02-20,American
566,shelby,,,Carroll,Shelby,11-01-23,American
567,orey,,,Fritz,d'Orey,25-03-38,Brazilian
568,fontes,,,Azdrubal,Fontes,26-12-22,Uruguayan
569,ashdown,,,Peter,Ashdown,16-10-34,British
570,bill_moss,,,Bill,Moss,04-09-33,British
571,dennis_taylor,,,Dennis,Taylor,12-06-21,British
572,blanchard,,,Harry,Blanchard,13-06-29,American
573,tomaso,,,Alessandro,de Tomaso,10-07-28,Argentine-Italian
574,constantine,,,George,Constantine,22-02-18,American
575,said,,,Bob,Said,05-05-32,American
576,cade,,,Phil,Cade,12-06-16,American
577,musso,,,Luigi,Musso,28-07-24,Italian
578,hawthorn,,,Mike,Hawthorn,10-04-29,British
579,fangio,,,Juan,Fangio,24-06-11,Argentine
580,godia,,,Paco,Godia,21-03-21,Spanish
581,collins,,,Peter,Collins,06-11-31,British
582,kavanagh,,,Ken,Kavanagh,12-12-23,Australian
583,gerini,,,Gerino,Gerini,10-08-28,Italian
584,kessler,,,Bruce,Kessler,23-03-36,American
585,emery,,,Paul,Emery,12-11-16,British
586,piotti,,,Luigi,Piotti,27-10-13,Italian
587,ecclestone,,,Bernie,Ecclestone,28-10-30,British
588,taramazzo,,,Luigi,Taramazzo,05-05-32,Italian
589,chiron,,,Louis,Chiron,1899-08-03,Monegasque
590,lewis-evans,,,Stuart,Lewis-Evans,20-04-30,British
591,george_amick,,,George,Amick,24-10-24,American
592,reece,,,Jimmy,Reece,17-11-29,American
593,parsons,,,Johnnie,Parsons,04-07-18,American
594,tolan,,,Johnnie,Tolan,22-10-17,American
595,garrett,,,Billy,Garrett,24-04-33,American
596,elisian,,,Ed,Elisian,09-12-26,American
597,connor,,,Pat,O'Connor,09-10-28,American
598,jerry_unser,,,Jerry,Unser,15-11-32,American
599,bisch,,,Art,Bisch,10-11-26,American
600,goethals,,,Christian,Goethals,04-08-28,Belgian
601,gibson,,,Dick,Gibson,16-04-18,British
602,la_caze,,,Robert,La Caze,26-02-17,French
603,guelfi,,,André,Guelfi,06-05-19,French
604,picard,,,François,Picard,26-04-21,French
605,bridger,,,Tom,Bridger,24-06-34,British
606,portago,,,Alfonso,de Portago,11-10-28,Spanish
607,perdisa,,,Cesare,Perdisa,21-10-32,Italian
608,castellotti,,,Eugenio,Castellotti,10-10-30,Italian
609,simon,,,André,Simon,05-01-20,French
610,leston,,,Les,Leston,16-12-20,British
611,hanks,,,Sam,Hanks,13-07-14,American
612,linden,,,Andy,Linden,05-04-22,American
613,teague,,,Marshall,Teague,22-02-21,American
614,edmunds,,,Don,Edmunds,23-09-30,American
615,agabashian,,,Fred,Agabashian,21-08-13,American
616,george,,,Elmer,George,15-07-28,American
617,macdowel,,,Mike,MacDowel,13-09-32,British
618,mackay-fraser,,,Herbert,MacKay-Fraser,23-06-27,American
619,gerard,,,Bob,Gerard,19-01-14,British
620,maglioli,,,Umberto,Maglioli,05-06-28,Italian
621,england,,,Paul,England,28-03-29,Australian
622,landi,,,Chico,Landi,14-07-07,Brazilian
623,uria,,,Alberto,Uria,11-07-24,Uruguayan
624,ramos,,,Hernando,da Silva Ramos,07-12-25,Brazilian
625,bayol,,,Élie,Bayol,28-02-14,French
626,manzon,,,Robert,Manzon,12-04-17,French
627,rosier,,,Louis,Rosier,05-11-05,French
628,sweikert,,,Bob,Sweikert,20-05-26,American
629,griffith,,,Cliff,Griffith,06-02-16,American
630,dinsmore,,,Duke,Dinsmore,10-04-13,American
631,andrews,,,Keith,Andrews,15-06-20,American
632,frere,,,Paul,Frère,30-01-17,Belgian
633,villoresi,,,Luigi,Villoresi,16-05-09,Italian
634,scotti,,,Piero,Scotti,11-11-09,Italian
635,chapman,,,Colin,Chapman,19-05-28,British
636,titterington,,,Desmond,Titterington,01-05-28,British
637,scott_Brown,,,Archie,Scott Brown,13-05-27,British
638,volonterio,,,Ottorino,Volonterio,07-12-17,Swiss
639,milhoux,,,André,Milhoux,09-12-28,Belgian
640,graffenried,,,Toulo,de Graffenried,18-05-14,Swiss
641,taruffi,,,Piero,Taruffi,12-10-06,Italian
642,farina,,,Nino,Farina,30-10-06,Italian
643,mieres,,,Roberto,Mieres,03-12-24,Argentine
644,mantovani,,,Sergio,Mantovani,22-05-29,Italian
645,bucci,,,Clemar,Bucci,04-09-20,Argentine
646,iglesias,,,Jesús,Iglesias,22-02-22,Argentine
647,ascari,,,Alberto,Ascari,13-07-18,Italian
648,kling,,,Karl,Kling,16-09-10,German
649,birger,,,Pablo,Birger,07-01-24,Argentine
650,pollet,,,Jacques,Pollet,02-07-22,French
651,macklin,,,Lance,Macklin,02-09-19,British
652,whiteaway,,,Ted,Whiteaway,01-11-28,British
653,davies,,,Jimmy,Davies,08-08-29,American
654,faulkner,,,Walt,Faulkner,16-02-20,American
655,niday,,,Cal,Niday,29-04-14,American
656,cross,,,Art,Cross,24-01-18,American
657,vukovich,,,Bill,Vukovich,13-12-18,American
658,mcgrath,,,Jack,McGrath,08-10-19,American
659,hoyt,,,Jerry,Hoyt,29-01-29,American
660,claes,,,Johnny,Claes,11-08-16,Belgian
661,peter_walker,,,Peter,Walker,07-10-12,British
662,sparken,,,Mike,Sparken,16-06-30,French
663,wharton,,,Ken,Wharton,21-03-16,British
664,mcalpine,,,Kenneth,McAlpine,21-09-20,British
665,marr,,,Leslie,Marr,14-08-22,British
666,rolt,,,Tony,Rolt,16-10-18,British
667,fitch,,,John,Fitch,04-08-17,American
668,lucas,,,Jean,Lucas,25-04-17,French
669,bira,,,Prince,Bira,15-07-14,Thai
670,marimon,,,Onofre,Marimón,19-12-23,Argentine
671,loyer,,,Roger,Loyer,05-08-07,French
672,daponte,,,Jorge,Daponte,05-06-23,Argentine
673,nazaruk,,,Mike,Nazaruk,02-10-21,American
674,crockett,,,Larry,Crockett,23-10-26,American
675,ayulo,,,Manny,Ayulo,20-10-21,American
676,armi,,,Frank,Armi,12-10-18,American
677,webb,,,Travis,Webb,08-10-10,American
678,duncan,,,Len,Duncan,25-07-11,American
679,mccoy,,,Ernie,McCoy,19-02-21,American
680,swaters,,,Jacques,Swaters,30-10-26,American
681,georges_berger,,,Georges,Berger,14-09-18,Belgian
682,beauman,,,Don,Beauman,26-07-28,British
683,thorne,,,Leslie,Thorne,23-06-16,British
684,whitehouse,,,Bill,Whitehouse,01-04-09,British
685,riseley_prichard,,,John,Riseley-Prichard,17-01-24,British
686,reg_parnell,,,Reg,Parnell,02-07-11,British
687,whitehead,,,Peter,Whitehead,12-11-14,British
688,brandon,,,Eric,Brandon,18-07-20,British
689,alan_brown,,,Alan,Brown,20-11-19,British
690,nuckey,,,Rodney,Nuckey,26-06-29,British
691,lang,,,Hermann,Lang,06-04-09,German
692,helfrich,,,Theo,Helfrich,13-05-13,German
693,wacker,,,Fred,Wacker,10-07-18,American
694,riu,,,Giovanni,de Riu,10-03-25,Italian
695,galvez,,,Oscar,Gálvez,17-08-13,Argentine
696,john_barber,,,John,Barber,22-07-29,British
697,bonetto,,,Felice,Bonetto,09-06-03,Italian
698,cruz,,,Adolfo,Cruz,28-06-23,Argentine
699,nalon,,,Duke,Nalon,02-03-13,American
700,scarborough,,,Carl,Scarborough,03-07-14,American
701,holland,,,Bill,Holland,18-12-07,American
702,bob_scott,,,Bob,Scott,04-10-28,American
703,legat,,,Arthur,Legat,1898-11-01,Belgian
704,cabantous,,,Yves,Cabantous,08-10-04,French
705,crook,,,Tony,Crook,16-02-20,British
706,jimmy_stewart,,,Jimmy,Stewart,06-03-31,British
707,ian_stewart,,,Ian,Stewart,15-07-29,British
708,duncan_hamilton,,,Duncan,Hamilton,30-04-20,British
709,klodwig,,,Ernst,Klodwig,23-05-03,East German
710,krause,,,Rudolf,Krause,30-03-07,East German
711,karch,,,Oswald,Karch,06-03-17,German
712,heeks,,,Willi,Heeks,13-02-22,German
713,fitzau,,,Theo,Fitzau,10-02-23,East German
714,adolff,,,Kurt,Adolff,05-11-21,German
715,bechem,,,Günther,Bechem,21-12-21,German
716,bauer,,,Erwin,Bauer,17-07-12,German
717,hans_stuck,,,Hans,von Stuck,27-12-00,German
718,loof,,,Ernst,Loof,04-07-07,German
719,scherrer,,,Albert,Scherrer,28-02-08,Swiss
720,terra,,,Max,de Terra,06-10-18,Swiss
721,hirt,,,Peter,Hirt,30-03-10,Swiss
722,carini,,,Piero,Carini,06-03-21,Italian
723,fischer,,,Rudi,Fischer,19-04-12,Swiss
724,ulmen,,,Toni,Ulmen,25-01-06,German
725,abecassis,,,George,Abecassis,21-03-13,British
726,george_connor,,,George,Connor,16-08-06,American
727,rigsby,,,Jim,Rigsby,06-06-23,American
728,james,,,Joe,James,23-05-25,American
729,schindler,,,Bill,Schindler,06-03-09,American
730,fonder,,,George,Fonder,22-06-17,American
731,banks,,,Henry,Banks,14-06-13,American
732,mcdowell,,,Johnny,McDowell,29-01-15,American
733,miller,,,Chet,Miller,19-07-02,American
734,ball,,,Bobby,Ball,26-08-25,American
735,tornaco,,,Charles,de Tornaco,07-06-27,Belgian
736,laurent,,,Roger,Laurent,21-02-13,Belgian
737,obrien,,,Robert,O'Brien,11-04-08,American
738,gaze,,,Tony,Gaze,03-02-20,Australian
739,charrington,,,Robin,Montgomerie-Charrington,23-06-15,British
740,comotti,,,Franco,Comotti,24-07-06,Italian
741,etancelin,,,Philippe,Étancelin,1896-12-28,French
742,poore,,,Dennis,Poore,19-08-16,British
743,thompson,,,Eric,Thompson,04-11-19,British
744,downing,,,Ken,Downing,05-12-17,British
745,graham_whitehead,,,Graham,Whitehead,15-04-22,British
746,bianco,,,Gino,Bianco,22-07-16,Brazilian
747,murray,,,David,Murray,28-12-09,British
748,cantoni,,,Eitel,Cantoni,04-10-06,Uruguayan
749,aston,,,Bill,Aston,29-03-00,British
750,brudes,,,Adolf,Brudes,1899-10-15,German
751,riess,,,Fritz,Riess,11-07-22,German
752,niedermayr,,,Helmut,Niedermayr,29-11-15,German
753,klenk,,,Hans,Klenk,28-10-19,German
754,balsa,,,Marcel,Balsa,01-01-09,French
755,schoeller,,,Rudolf,Schoeller,27-04-02,Swiss
756,pietsch,,,Paul,Pietsch,20-06-11,German
757,peters,,,Josef,Peters,16-09-14,German
758,lof,,,Dries,van der Lof,23-08-19,Dutch
759,flinterman,,,Jan,Flinterman,02-10-19,Dutch
760,dusio,,,Piero,Dusio,1899-10-13,Italian
761,crespo,,,Alberto,Crespo,16-01-20,Argentine
762,rol,,,Franco,Rol,05-06-08,Italian
763,sanesi,,,Consalvo,Sanesi,28-03-11,Italian
764,guy_mairesse,,,Guy,Mairesse,10-08-10,French
765,louveau,,,Henri,Louveau,25-01-10,French
766,wallard,,,Lee,Wallard,07-09-10,American
767,forberg,,,Carl,Forberg,04-03-11,American
768,rose,,,Mauri,Rose,26-05-06,American
769,mackey,,,Bill,Mackey,15-12-27,American
770,green,,,Cecil,Green,30-09-19,American
771,walt_brown,,,Walt,Brown,30-12-11,American
772,hellings,,,Mack,Hellings,14-09-15,American
773,levegh,,,Pierre,Levegh,22-12-05,French
774,chaboud,,,Eugène,Chaboud,12-04-07,French
775,gordini,,,Aldo,Gordini,20-05-21,French
776,kelly,,,Joe,Kelly,13-03-13,Irish
777,parker,,,Philip,Fotheringham-Parker,22-09-07,British
778,shawe_taylor,,,Brian,Shawe Taylor,28-01-15,British
779,john_james,,,John,James,10-05-14,British
780,branca,,,Toni,Branca,15-09-16,Swiss
781,richardson,,,Ken,Richardson,21-08-11,British
782,jover,,,Juan,Jover,23-11-03,Spanish
783,grignard,,,Georges,Grignard,25-07-05,French
784,hampshire,,,David,Hampshire,29-12-17,British
785,crossley,,,Geoff,Crossley,11-05-21,British
786,fagioli,,,Luigi,Fagioli,1898-06-09,Italian
787,harrison,,,Cuth,Harrison,06-07-06,British
788,fry,,,Joe,Fry,26-10-15,British
789,martin,,,Eugène,Martin,24-03-15,French
790,leslie_johnson,,,Leslie,Johnson,22-03-12,British
791,biondetti,,,Clemente,Biondetti,1898-08-18,Italian
792,pian,,,Alfredo,Pián,21-10-12,Argentine
793,sommer,,,Raymond,Sommer,31-08-06,French
794,chitwood,,,Joie,Chitwood,14-04-12,American
795,fohr,,,Myron,Fohr,17-06-12,American
796,ader,,,Walt,Ader,15-12-13,American
797,holmes,,,Jackie,Holmes,04-09-20,American
798,levrett,,,Bayliss,Levrett,14-02-14,American
799,jackson,,,Jimmy,Jackson,25-07-10,American
800,pagani,,,Nello,Pagani,11-10-11,Italian
801,pozzi,,,Charles,Pozzi,27-08-09,French
802,serafini,,,Dorino,Serafini,22-07-09,Italian
803,cantrell,,,Bill,Cantrell,31-01-08,American
804,mantz,,,Johnny,Mantz,18-09-18,American
805,kladis,,,Danny,Kladis,10-02-17,American
806,oscar_gonzalez,,,Óscar,González,10-11-23,Uruguayan
807,hulkenberg,27,HUL,Nico,Hülkenberg,19-08-87,German
808,petrov,,PET,Vitaly,Petrov,08-09-84,Russian
810,grassi,,DIG,Lucas,di Grassi,11-08-84,Brazilian
811,bruno_senna,,SEN,Bruno,Senna,15-10-83,Brazilian
812,chandhok,,CHA,Karun,Chandhok,19-01-84,Indian
813,maldonado,13,MAL,Pastor,Maldonado,09-03-85,Venezuelan
814,resta,,DIR,Paul,di Resta,16-04-86,British
815,perez,11,PER,Sergio,Pérez,26-01-90,Mexican
816,ambrosio,,DAM,Jérôme,d'Ambrosio,27-12-85,Belgian
817,ricciardo,3,RIC,Daniel,Ricciardo,01-07-89,Australian
818,vergne,25,VER,Jean-Éric,Vergne,25-04-90,French
819,pic,,PIC,Charles,Pic,15-02-90,French
820,chilton,4,CHI,Max,Chilton,21-04-91,British
821,gutierrez,21,GUT,Esteban,Gutiérrez,05-08-91,Mexican
822,bottas,77,BOT,Valtteri,Bottas,28-08-89,Finnish
823,garde,,VDG,Giedo,van der Garde,25-04-85,Dutch
824,jules_bianchi,17,BIA,Jules,Bianchi,03-08-89,French
825,kevin_magnussen,20,MAG,Kevin,Magnussen,05-10-92,Danish
826,kvyat,26,KVY,Daniil,Kvyat,26-04-94,Russian
827,lotterer,45,LOT,André,Lotterer,19-11-81,German
828,ericsson,9,ERI,Marcus,Ericsson,02-09-90,Swedish
829,stevens,28,STE,Will,Stevens,28-06-91,British
830,max_verstappen,33,VER,Max,Verstappen,30-09-97,Dutch
831,nasr,12,NAS,Felipe,Nasr,21-08-92,Brazilian
832,sainz,55,SAI,Carlos,Sainz,01-09-94,Spanish
833,merhi,98,MER,Roberto,Merhi,22-03-91,Spanish
834,rossi,53,RSS,Alexander,Rossi,25-09-91,American
835,jolyon_palmer,30,PAL,Jolyon,Palmer,20-01-91,British
836,wehrlein,94,WEH,Pascal,Wehrlein,18-10-94,German
837,haryanto,88,HAR,Rio,Haryanto,22-01-93,Indonesian
838,vandoorne,2,VAN,Stoffel,Vandoorne,26-03-92,Belgian
839,ocon,31,OCO,Esteban,Ocon,17-09-96,French
840,stroll,18,STR,Lance,Stroll,29-10-98,Canadian
841,giovinazzi,99,GIO,Antonio,Giovinazzi,14-12-93,Italian
843,brendon_hartley,28,HAR,Brendon,Hartley,10-11-89,New Zealander
844,leclerc,16,LEC,Charles,Leclerc,16-10-97,Monegasque
845,sirotkin,35,SIR,Sergey,Sirotkin,27-08-95,Russian
846,norris,4,NOR,Lando,Norris,13-11-99,British
847,russell,63,RUS,George,Russell,15-02-98,British
848,albon,23,ALB,Alexander,Albon,23-03-96,Thai
849,latifi,6,LAT,Nicholas,Latifi,29-06-95,Canadian
850,pietro_fittipaldi,51,FIT,Pietro,Fittipaldi,25-06-96,Brazilian
851,aitken,89,AIT,Jack,Aitken,23-09-95,British
852,tsunoda,22,TSU,Yuki,Tsunoda,11-05-00,Japanese
853,mazepin,9,MAZ,Nikita,Mazepin,02-03-99,Russian
854,mick_schumacher,47,MSC,Mick,Schumacher,22-03-99,German
855,zhou,24,ZHO,Guanyu,Zhou,30-05-99,Chinese
856,de_vries,21,DEV,Nyck,de Vries,06-02-95,Dutch
857,piastri,81,PIA,Oscar,Piastri,06-04-01,Australian
858,sargeant,2,SAR,Logan,Sargeant,31-12-00,American
